,Supplier_Lead_Time,Inventory_Levels,Order_Frequency,Delivery_Performance,Cost_Per_Unit
Supplier_Lead_Time,1.0000000000000002,0.3387002441669784,-0.868342260617644,-0.9280635624128679,0.8530635559197031
Inventory_Levels,0.3387002441669784,1.0,0.12150223454832923,-0.4176933053701893,0.15464202782259116
Order_Frequency,-0.868342260617644,0.12150223454832923,1.0,0.7863371160113642,-0.9252306635873563
Delivery_Performance,-0.9280635624128679,-0.4176933053701893,0.7863371160113642,1.0,-0.8213902890887185
Cost_Per_Unit,0.8530635559197031,0.15464202782259116,-0.9252306635873563,-0.8213902890887185,1.0
